Category,Default 24X24,Icon Name,Small 20X20,Icon Name S,Large 30X30,Icon Name L,XSmall 16X16,Icon Name XS,XLarge 60X60,con Name XL,Sizes,Type
Toggle,,VisibleFill,Untitled%20Database%20647e5526a0ea4497b8e3fa6ecd9506ea/EyeFillS.svg,VisibleFillSmall,,,,,,,Small 20X20,Fill
Toggle,Untitled%20Database%20647e5526a0ea4497b8e3fa6ecd9506ea/LikeM.svg,LikeHeart,Untitled%20Database%20647e5526a0ea4497b8e3fa6ecd9506ea/LikeS.svg,LikeHeartSmall,Untitled%20Database%20647e5526a0ea4497b8e3fa6ecd9506ea/LikeL.svg,LikeHeartLarge,,,,,"Large 30X30, Medium 24X24, Small 20X20",Outline
Toggle,Untitled%20Database%20647e5526a0ea4497b8e3fa6ecd9506ea/LikeFillM.svg,LikeHeartFill,Untitled%20Database%20647e5526a0ea4497b8e3fa6ecd9506ea/LikeFillS.svg,LikeHeartFillSmall,Untitled%20Database%20647e5526a0ea4497b8e3fa6ecd9506ea/LikeHeartFill_Large__30X30.svg,LikeHeartLarge,,,,,Medium 24X24,Fill
Toggle,Untitled%20Database%20647e5526a0ea4497b8e3fa6ecd9506ea/LockM.svg,Lock,,,,,,,,,Medium 24X24,Outline
Toggle,Untitled%20Database%20647e5526a0ea4497b8e3fa6ecd9506ea/LockFillM.svg,LockFill,Untitled%20Database%20647e5526a0ea4497b8e3fa6ecd9506ea/LockFill_Small_20X20.svg,lockFillSmall,,,Untitled%20Database%20647e5526a0ea4497b8e3fa6ecd9506ea/LockFill_XSmall_16X16.svg,LockFillXSmall,,,Medium 24X24,Fill
Toggle,Untitled%20Database%20647e5526a0ea4497b8e3fa6ecd9506ea/AnswersM.svg,Select,Untitled%20Database%20647e5526a0ea4497b8e3fa6ecd9506ea/AnswersS.svg,SelectSmall,Untitled%20Database%20647e5526a0ea4497b8e3fa6ecd9506ea/AnswersL.svg,SelectLarge,,,,,"Large 30X30, Medium 24X24, Small 20X20",Outline
Toggle,Untitled%20Database%20647e5526a0ea4497b8e3fa6ecd9506ea/UnlockM.svg,Unlock,,,,,,,,,Medium 24X24,Outline
Toggle,Untitled%20Database%20647e5526a0ea4497b8e3fa6ecd9506ea/UnlockFillM.svg,UnlockFill,,,,,,,,,Medium 24X24,Fill
Toggle,Untitled%20Database%20647e5526a0ea4497b8e3fa6ecd9506ea/EyeM.svg,Visible,Untitled%20Database%20647e5526a0ea4497b8e3fa6ecd9506ea/EyeS.svg,VisibleSmall,Untitled%20Database%20647e5526a0ea4497b8e3fa6ecd9506ea/EyeL.svg,VisibleLarge,,,,,"Large 30X30, Medium 24X24, Small 20X20",Outline
Toggle,,SelectFill,Untitled%20Database%20647e5526a0ea4497b8e3fa6ecd9506ea/CheckCirclesS.svg,SelectFillSmall,Untitled%20Database%20647e5526a0ea4497b8e3fa6ecd9506ea/CheckCircleL.svg,SelectFillLarge,,,,,"Large 30X30, Small 20X20",Fill
WixBrands,,Bookings,Untitled%20Database%20647e5526a0ea4497b8e3fa6ecd9506ea/BookingsS.svg,BookingsSmall,Untitled%20Database%20647e5526a0ea4497b8e3fa6ecd9506ea/BookingsL.svg,BookingsLarge,,,,,"Large 30X30, Small 20X20",Outline
WixBrands,,Events,Untitled%20Database%20647e5526a0ea4497b8e3fa6ecd9506ea/EventsS.svg,EventsSmall,Untitled%20Database%20647e5526a0ea4497b8e3fa6ecd9506ea/EventsL.svg,EventsLarge,,,,,"Large 30X30, Small 20X20",Outline
WixBrands,Untitled%20Database%20647e5526a0ea4497b8e3fa6ecd9506ea/BlogM.svg,Blog,Untitled%20Database%20647e5526a0ea4497b8e3fa6ecd9506ea/BlogS.svg,BlogSmall,Untitled%20Database%20647e5526a0ea4497b8e3fa6ecd9506ea/BlogL.svg,BlogLarge,,,,,"Large 30X30, Medium 24X24, Small 20X20",Outline
WixBrands,Untitled%20Database%20647e5526a0ea4497b8e3fa6ecd9506ea/ForumsM.svg,Forums,Untitled%20Database%20647e5526a0ea4497b8e3fa6ecd9506ea/ForumsS.svg,ForumsSmall,Untitled%20Database%20647e5526a0ea4497b8e3fa6ecd9506ea/ForumsL.svg,ForumsLarge,,,,,"Large 30X30, Medium 24X24, Small 20X20",Outline
WixBrands,Untitled%20Database%20647e5526a0ea4497b8e3fa6ecd9506ea/HotelsM.svg,Hotels,Untitled%20Database%20647e5526a0ea4497b8e3fa6ecd9506ea/HotelsS.svg,HotelsSmall,Untitled%20Database%20647e5526a0ea4497b8e3fa6ecd9506ea/HotelsL.svg,HotelsLarge,,,,,"Large 30X30, Medium 24X24, Small 20X20",Outline
WixBrands,Untitled%20Database%20647e5526a0ea4497b8e3fa6ecd9506ea/StoresM.svg,Stores,Untitled%20Database%20647e5526a0ea4497b8e3fa6ecd9506ea/StoresS.svg,StoresSmall,Untitled%20Database%20647e5526a0ea4497b8e3fa6ecd9506ea/StoresL.svg,StoresLarge,,,,,"Large 30X30, Medium 24X24, Small 20X20",Outline
"RCE, WixBrands",,AlignCenter,Untitled%20Database%20647e5526a0ea4497b8e3fa6ecd9506ea/AlignCenter_Small_20X20.svg,AlignCenterSmall,,,,,,,Small 20X20,
"RCE, WixBrands",,AlignLeft,Untitled%20Database%20647e5526a0ea4497b8e3fa6ecd9506ea/AlignLeft_Small_20X20.svg,AlignLeftSmall,,,,,,,Small 20X20,
"RCE, WixBrands",,AlignRight,Untitled%20Database%20647e5526a0ea4497b8e3fa6ecd9506ea/AlignRight_Small_20X20.svg,AlignRightSmall,,,,,,,Small 20X20,
"RCE, WixBrands",,Bold,Untitled%20Database%20647e5526a0ea4497b8e3fa6ecd9506ea/Bold_Small_20X20.svg,BoldSmall,,,,,,,Small 20X20,
"RCE, WixBrands",,BulletedList,Untitled%20Database%20647e5526a0ea4497b8e3fa6ecd9506ea/BulletedList_Small_20X20.svg,BulletedListSmall,,,,,,,Small 20X20,
"RCE, WixBrands",,DecreaseIndent,Untitled%20Database%20647e5526a0ea4497b8e3fa6ecd9506ea/DecreaseIndent_Small_20X20.svg,DecreaseIndentSmall,,,,,,,Small 20X20,
"RCE, WixBrands",,HighlightColor,Untitled%20Database%20647e5526a0ea4497b8e3fa6ecd9506ea/HighlightColor_Small_20X20.svg,HighlightColorSmall,,,,,,,Small 20X20,
"RCE, WixBrands",,IncreaseIndent,Untitled%20Database%20647e5526a0ea4497b8e3fa6ecd9506ea/IncreaseIndent_Small_20X20.svg,HighlightColorSmall,,,,,,,Small 20X20,
"RCE, WixBrands",,Italic,Untitled%20Database%20647e5526a0ea4497b8e3fa6ecd9506ea/Italic_Small_20X20.svg,HighlightColorSmall,,,,,,,Small 20X20,
"RCE, WixBrands",,Justify,Untitled%20Database%20647e5526a0ea4497b8e3fa6ecd9506ea/Justify_Small_20X20.svg,JustifySmall,,,,,,,Small 20X20,
"RCE, WixBrands",,LineSpacing,Untitled%20Database%20647e5526a0ea4497b8e3fa6ecd9506ea/LineSpacing_Small_20X20.svg,LineSpacingSmall,,,,,,,Small 20X20,
"RCE, WixBrands",,NumberedList,Untitled%20Database%20647e5526a0ea4497b8e3fa6ecd9506ea/NumberedList_Small_20X20.svg,NumberedListSmall,,,,,,,Small 20X20,
"RCE, WixBrands",,Quote,Untitled%20Database%20647e5526a0ea4497b8e3fa6ecd9506ea/Quote_Small_20X20.svg,QuoteSmall,,,,,,,Small 20X20,
"RCE, WixBrands",,Snippet,Untitled%20Database%20647e5526a0ea4497b8e3fa6ecd9506ea/Snippet_Small_20X20.svg,SnippetSmall,,,,,,,Small 20X20,
"RCE, WixBrands",,SpoilerAlert,,,Untitled%20Database%20647e5526a0ea4497b8e3fa6ecd9506ea/SpoilerAlert_Large_40X40.svg,SpoilerAlertLarge,,,,,Large 30X30,
"RCE, WixBrands",,TextColor,Untitled%20Database%20647e5526a0ea4497b8e3fa6ecd9506ea/TextColor_Small_20X20.svg,TextColorSmall,,,,,,,Small 20X20,
"RCE, WixBrands",,TextStyle,Untitled%20Database%20647e5526a0ea4497b8e3fa6ecd9506ea/TextStyle_Small_20X20.svg,TextStyleSmall,,,,,,,Small 20X20,
"RCE, WixBrands",,TextStyle1,Untitled%20Database%20647e5526a0ea4497b8e3fa6ecd9506ea/TextStyle1_Small_20X20.svg,TextStyle1Small,,,,,,,Small 20X20,
"RCE, WixBrands",,TextStyle2,Untitled%20Database%20647e5526a0ea4497b8e3fa6ecd9506ea/TextStyle2_Small_20X20.svg,TextStyle2Small,,,,,,,Small 20X20,
"RCE, WixBrands",,Underline,Untitled%20Database%20647e5526a0ea4497b8e3fa6ecd9506ea/Underline_Small_20X20.svg,UnderlineSmall,,,,,,,Small 20X20,
"RCE, WixBrands",,WhiteTextColor,Untitled%20Database%20647e5526a0ea4497b8e3fa6ecd9506ea/WhiteTextColor_Small_20X20.svg,WhiteTextColorSmall,,,,,,,Small 20X20,
Actions,Untitled%20Database%20647e5526a0ea4497b8e3fa6ecd9506ea/Minus_Medium_24X24.svg,Minus,Untitled%20Database%20647e5526a0ea4497b8e3fa6ecd9506ea/Minus_Small_20X20.svg,MinusSmall,Untitled%20Database%20647e5526a0ea4497b8e3fa6ecd9506ea/Minus_Large__30X30.svg,MinusLarge,Untitled%20Database%20647e5526a0ea4497b8e3fa6ecd9506ea/Minus_XSmall_16X16.svg,MinusXSmall,,,"Large 30X30, Small 20X20, XLarge 60X60, XSmall 16X16",Outline
Actions,,More,Untitled%20Database%20647e5526a0ea4497b8e3fa6ecd9506ea/MoreS.svg,MoreSmall,Untitled%20Database%20647e5526a0ea4497b8e3fa6ecd9506ea/MoreL.svg,MoreLarge,,,,,"Large 30X30, Small 20X20",Outline
Actions,Untitled%20Database%20647e5526a0ea4497b8e3fa6ecd9506ea/Plus_Medium_24X24.svg,Plus,Untitled%20Database%20647e5526a0ea4497b8e3fa6ecd9506ea/Plus_Small_20X20.svg,PlusSmall,Untitled%20Database%20647e5526a0ea4497b8e3fa6ecd9506ea/Plus_Large__30X30.svg,PlusLarge,Untitled%20Database%20647e5526a0ea4497b8e3fa6ecd9506ea/Plus_XSmall_16X16.svg,PlusXSmall,,,"Large 30X30, Medium 24X24, Small 20X20, XSmall 16X16",Outline
Actions,Untitled%20Database%20647e5526a0ea4497b8e3fa6ecd9506ea/Check_Medium_24X24.svg,Check,Untitled%20Database%20647e5526a0ea4497b8e3fa6ecd9506ea/Check_Small_20X20.svg,CheckSmall,,,Untitled%20Database%20647e5526a0ea4497b8e3fa6ecd9506ea/Check_XSmall_16X16.svg,CheckXSmall,,,"Large 30X30, Medium 24X24, Small 20X20",Outline
Actions,Untitled%20Database%20647e5526a0ea4497b8e3fa6ecd9506ea/CloseM.svg,Close,Untitled%20Database%20647e5526a0ea4497b8e3fa6ecd9506ea/CloseS.svg,CloseSmall,Untitled%20Database%20647e5526a0ea4497b8e3fa6ecd9506ea/CloseL.svg,CloseLarge,Untitled%20Database%20647e5526a0ea4497b8e3fa6ecd9506ea/CloseXS.svg,CloseXSmall,,,"Large 30X30, Medium 24X24, Small 20X20, XSmall 16X16",Outline
Actions,Untitled%20Database%20647e5526a0ea4497b8e3fa6ecd9506ea/DeleteM.svg,Delete,Untitled%20Database%20647e5526a0ea4497b8e3fa6ecd9506ea/DeleteS.svg,DeleteSmall,Untitled%20Database%20647e5526a0ea4497b8e3fa6ecd9506ea/DeleteL.svg,DeleteLarge,,,,,"Large 30X30, Medium 24X24, Small 20X20",Outline
Actions,Untitled%20Database%20647e5526a0ea4497b8e3fa6ecd9506ea/Download_Medium_24X24.svg,Download,,,,,,,,,Medium 24X24,Outline
Actions,Untitled%20Database%20647e5526a0ea4497b8e3fa6ecd9506ea/ImagesM.svg,Duplicate,Untitled%20Database%20647e5526a0ea4497b8e3fa6ecd9506ea/ImagesS.svg,DuplicateSmall,,,,,,,"Medium 24X24, Small 20X20",Outline
Actions,Untitled%20Database%20647e5526a0ea4497b8e3fa6ecd9506ea/EditM.svg,Edit,Untitled%20Database%20647e5526a0ea4497b8e3fa6ecd9506ea/EditS.svg,EditSmall,Untitled%20Database%20647e5526a0ea4497b8e3fa6ecd9506ea/EditL.svg,EditLarge,,,,,"Large 30X30, Medium 24X24, Small 20X20",Outline
Actions,Untitled%20Database%20647e5526a0ea4497b8e3fa6ecd9506ea/LaunchM.svg,ExternalLink,Untitled%20Database%20647e5526a0ea4497b8e3fa6ecd9506ea/LaunchS.svg,ExternalLinkSmall,Untitled%20Database%20647e5526a0ea4497b8e3fa6ecd9506ea/LaunchL.svg,ExternalLinkLarge,,,,,"Large 30X30, Medium 24X24, Small 20X20",Outline
Actions,Untitled%20Database%20647e5526a0ea4497b8e3fa6ecd9506ea/LinkM.svg,Link,Untitled%20Database%20647e5526a0ea4497b8e3fa6ecd9506ea/LinkS.svg,LinkSmall,Untitled%20Database%20647e5526a0ea4497b8e3fa6ecd9506ea/LinkL.svg,LinkLarge,,,,,"Large 30X30, Medium 24X24, Small 20X20",Outline
Actions,Untitled%20Database%20647e5526a0ea4497b8e3fa6ecd9506ea/MoveToM.svg,MoveTo,,,,,,,,,Medium 24X24,Outline
Actions,Untitled%20Database%20647e5526a0ea4497b8e3fa6ecd9506ea/SearchM.svg,Search,Untitled%20Database%20647e5526a0ea4497b8e3fa6ecd9506ea/SearchS.svg,SearchSmall,,,,,,,Medium 24X24,Outline
Actions,Untitled%20Database%20647e5526a0ea4497b8e3fa6ecd9506ea/ShareM.svg,Share,,,,,,,,,Medium 24X24,Outline
Actions,Untitled%20Database%20647e5526a0ea4497b8e3fa6ecd9506ea/Rearrangeable_Medium_24X24.svg,Rearrangeable,,,,,,,,,Medium 24X24,
General,,DocumentFill,Untitled%20Database%20647e5526a0ea4497b8e3fa6ecd9506ea/DocumentFill_Small_20X20.svg,DocumentFillSmall,,,,,,,Small 20X20,Fill
General,Untitled%20Database%20647e5526a0ea4497b8e3fa6ecd9506ea/Location_Medium_24X24.svg,Location,Untitled%20Database%20647e5526a0ea4497b8e3fa6ecd9506ea/Location_Small_20X20.svg,LocationSmall,,,,,,,"Medium 24X24, Small 20X20",Fill
General,Untitled%20Database%20647e5526a0ea4497b8e3fa6ecd9506ea/LocationFill_Medium_24X24.svg,LocationFill,,,,,,,,,Medium 24X24,Fill
General,,NotificationsFill,Untitled%20Database%20647e5526a0ea4497b8e3fa6ecd9506ea/NotofocationsFillS.svg,NotificationsFillSmall,Untitled%20Database%20647e5526a0ea4497b8e3fa6ecd9506ea/NotificationsFillL.svg,NotificationsFillLarge,,,,,"Large 30X30, Small 20X20",Fill
General,,SettingsFill,Untitled%20Database%20647e5526a0ea4497b8e3fa6ecd9506ea/SettingsFillS.svg,SettingsFillSmall,,,,,,,Small 20X20,Fill
General,Untitled%20Database%20647e5526a0ea4497b8e3fa6ecd9506ea/TagFill_Medium_24X24.svg,TagFill,Untitled%20Database%20647e5526a0ea4497b8e3fa6ecd9506ea/TagFillS.svg,TagFillSmall,,,,,,,"Medium 24X24, Small 20X20",Fill
General,Untitled%20Database%20647e5526a0ea4497b8e3fa6ecd9506ea/AddUserM.svg,AddUser,,,,,,,,,Medium 24X24,Outline
General,Untitled%20Database%20647e5526a0ea4497b8e3fa6ecd9506ea/AdminM.svg,Admin,Untitled%20Database%20647e5526a0ea4497b8e3fa6ecd9506ea/Admin_Small_20X20.svg,AdminSmall,,,,,,,"Medium 24X24, Small 20X20",Outline
General,Untitled%20Database%20647e5526a0ea4497b8e3fa6ecd9506ea/AdminFillM.svg,AdminFill,Untitled%20Database%20647e5526a0ea4497b8e3fa6ecd9506ea/AdminFillS.svg,AdminFillSmall,,,,,,,"Medium 24X24, Small 20X20",Fill
General,Untitled%20Database%20647e5526a0ea4497b8e3fa6ecd9506ea/BadgeM.svg,Badge,,,,,,,,,Medium 24X24,Outline
General,Untitled%20Database%20647e5526a0ea4497b8e3fa6ecd9506ea/BadgeFillM.svg,BadgeFill,,,,,,,,,Medium 24X24,Fill
General,Untitled%20Database%20647e5526a0ea4497b8e3fa6ecd9506ea/BlockCommentsM.svg,BlockComments,,,,,,,,,Medium 24X24,Outline
General,Untitled%20Database%20647e5526a0ea4497b8e3fa6ecd9506ea/CalendarM.svg,Calendar,Untitled%20Database%20647e5526a0ea4497b8e3fa6ecd9506ea/CalendarS.svg,CalendarSmall,Untitled%20Database%20647e5526a0ea4497b8e3fa6ecd9506ea/CalendarL.svg,CalendarLarge,,,,,"Large 30X30, Medium 24X24, Small 20X20",Outline
General,Untitled%20Database%20647e5526a0ea4497b8e3fa6ecd9506ea/ClockM.svg,Clock,Untitled%20Database%20647e5526a0ea4497b8e3fa6ecd9506ea/ClockS.svg,ClockSmall,Untitled%20Database%20647e5526a0ea4497b8e3fa6ecd9506ea/ClockL.svg,ClockLarge,,,,,"Large 30X30, Medium 24X24, Small 20X20",Outline
General,Untitled%20Database%20647e5526a0ea4497b8e3fa6ecd9506ea/CommentM.svg,Comment,Untitled%20Database%20647e5526a0ea4497b8e3fa6ecd9506ea/CommentS.svg,CommentSmall,Untitled%20Database%20647e5526a0ea4497b8e3fa6ecd9506ea/CommentL.svg,CommentLarge,,,,,"Large 30X30, Medium 24X24, Small 20X20",Outline
General,Untitled%20Database%20647e5526a0ea4497b8e3fa6ecd9506ea/CommentFillM.svg,CommentFill,Untitled%20Database%20647e5526a0ea4497b8e3fa6ecd9506ea/CommentFillS.svg,CommentFillSmall,,,,,,,"Medium 24X24, Small 20X20",Fill
General,Untitled%20Database%20647e5526a0ea4497b8e3fa6ecd9506ea/DocumentM.svg,Document,Untitled%20Database%20647e5526a0ea4497b8e3fa6ecd9506ea/DocumentS.svg,DocumentSmall,Untitled%20Database%20647e5526a0ea4497b8e3fa6ecd9506ea/DocumentL.svg,DocumentLarge,,,,,"Large 30X30, Medium 24X24, Small 20X20",Outline
General,Untitled%20Database%20647e5526a0ea4497b8e3fa6ecd9506ea/EmailM.svg,Email,Untitled%20Database%20647e5526a0ea4497b8e3fa6ecd9506ea/EmailS.svg,EmailSmall,Untitled%20Database%20647e5526a0ea4497b8e3fa6ecd9506ea/EmailL.svg,EmailLarge,,,,,"Large 30X30, Medium 24X24, Small 20X20",Outline
General,Untitled%20Database%20647e5526a0ea4497b8e3fa6ecd9506ea/FolderM.svg,Folder,,,,,,,,,Medium 24X24,Outline
General,Untitled%20Database%20647e5526a0ea4497b8e3fa6ecd9506ea/GroupM.svg,Group,,,,,,,,,Medium 24X24,Outline
General,Untitled%20Database%20647e5526a0ea4497b8e3fa6ecd9506ea/GroupFillM.svg,GroupFill,,,,,,,,,Medium 24X24,Fill
General,Untitled%20Database%20647e5526a0ea4497b8e3fa6ecd9506ea/NotificationsM.svg,Notifications,Untitled%20Database%20647e5526a0ea4497b8e3fa6ecd9506ea/NotificationsS.svg,NotificationsSmall,Untitled%20Database%20647e5526a0ea4497b8e3fa6ecd9506ea/NotificationsL.svg,NotificationsLarge,,,,,"Large 30X30, Medium 24X24, Small 20X20",Outline
General,Untitled%20Database%20647e5526a0ea4497b8e3fa6ecd9506ea/Percent_Medium_24X24.svg,Percent,,,Untitled%20Database%20647e5526a0ea4497b8e3fa6ecd9506ea/Percent_Large__30X30.svg,PercentLarge,,,,,"Large 30X30, Medium 24X24",Fill
General,Untitled%20Database%20647e5526a0ea4497b8e3fa6ecd9506ea/PhoneM.svg,Phone,Untitled%20Database%20647e5526a0ea4497b8e3fa6ecd9506ea/PhoneS.svg,PhoneSmall,,,,,,,"Medium 24X24, Small 20X20",Outline
General,Untitled%20Database%20647e5526a0ea4497b8e3fa6ecd9506ea/PinM.svg,Pin,,,,,,,,,Medium 24X24,Outline
General,Untitled%20Database%20647e5526a0ea4497b8e3fa6ecd9506ea/PriceM.svg,Price,,,,,,,,,Medium 24X24,Outline
General,Untitled%20Database%20647e5526a0ea4497b8e3fa6ecd9506ea/PriceFillM.svg,PriceFill,,,,,,,,,Medium 24X24,Fill
General,Untitled%20Database%20647e5526a0ea4497b8e3fa6ecd9506ea/PublicM.svg,Public,,,,,,,,,Medium 24X24,Outline
General,Untitled%20Database%20647e5526a0ea4497b8e3fa6ecd9506ea/PublicFillM.svg,PublicFill,,,,,,,,,Medium 24X24,Fill
General,Untitled%20Database%20647e5526a0ea4497b8e3fa6ecd9506ea/ReactionM.svg,Reaction,Untitled%20Database%20647e5526a0ea4497b8e3fa6ecd9506ea/ReactionS.svg,ReactionSmall,Untitled%20Database%20647e5526a0ea4497b8e3fa6ecd9506ea/ReactionL.svg,ReactionLarge,,,,,"Large 30X30, Medium 24X24, Small 20X20",Outline
General,Untitled%20Database%20647e5526a0ea4497b8e3fa6ecd9506ea/ReplyM.svg,Reply,,,,,,,,,Medium 24X24,Outline
General,Untitled%20Database%20647e5526a0ea4497b8e3fa6ecd9506ea/SettingsM.svg,Settings,Untitled%20Database%20647e5526a0ea4497b8e3fa6ecd9506ea/SettingsS.svg,SettingsSmall,Untitled%20Database%20647e5526a0ea4497b8e3fa6ecd9506ea/SettingsL.svg,SettingsLarge,,,,,"Large 30X30, Medium 24X24, Small 20X20",Outline
General,Untitled%20Database%20647e5526a0ea4497b8e3fa6ecd9506ea/SoundOffM.svg,SoundOff,,,,,,,,,Medium 24X24,Outline
General,Untitled%20Database%20647e5526a0ea4497b8e3fa6ecd9506ea/SoundOffFillM.svg,SoundOffFill,,,,,,,,,Medium 24X24,Fill
General,Untitled%20Database%20647e5526a0ea4497b8e3fa6ecd9506ea/SoundOnM.svg,SoundOn,,,,,,,,,Medium 24X24,Outline
General,Untitled%20Database%20647e5526a0ea4497b8e3fa6ecd9506ea/SoundOnFillM.svg,SoundOnFill,,,,,,,,,Medium 24X24,Fill
General,Untitled%20Database%20647e5526a0ea4497b8e3fa6ecd9506ea/TagM.svg,Tag,Untitled%20Database%20647e5526a0ea4497b8e3fa6ecd9506ea/TagS.svg,TagSmall,Untitled%20Database%20647e5526a0ea4497b8e3fa6ecd9506ea/TagL.svg,TagLarge,,,,,"Large 30X30, Medium 24X24, Small 20X20",Outline
General,Untitled%20Database%20647e5526a0ea4497b8e3fa6ecd9506ea/ShoppingBag_Medium_24X24.svg,ShoppingBag,,,,,,,,,Medium 24X24,
General,Untitled%20Database%20647e5526a0ea4497b8e3fa6ecd9506ea/ShoppingBagFill_Medium_24X24.svg,ShoppingBagFill,,,,,,,,,Medium 24X24,
General,Untitled%20Database%20647e5526a0ea4497b8e3fa6ecd9506ea/ThumbUp_Medium_24X24.svg,ThumbUp,,,,,,,,,Medium 24X24,
Media,,PlayButtonFill,Untitled%20Database%20647e5526a0ea4497b8e3fa6ecd9506ea/PlayButtonFillS.svg,PlayButtonFillSmall,,,,,,,Small 20X20,Fill
Media,Untitled%20Database%20647e5526a0ea4497b8e3fa6ecd9506ea/CameraM.svg,Camera,Untitled%20Database%20647e5526a0ea4497b8e3fa6ecd9506ea/CameraS.svg,CameraSmall,Untitled%20Database%20647e5526a0ea4497b8e3fa6ecd9506ea/CameraL.svg,CameraLarge,,,,,"Large 30X30, Medium 24X24, Small 20X20",Outline
Media,Untitled%20Database%20647e5526a0ea4497b8e3fa6ecd9506ea/CameraFillM.svg,CameraFill,Untitled%20Database%20647e5526a0ea4497b8e3fa6ecd9506ea/CameraFillS.svg,CameraFillSmall,,,,,,,"Medium 24X24, Small 20X20",Fill
Media,Untitled%20Database%20647e5526a0ea4497b8e3fa6ecd9506ea/ImagesFillM.svg,DuplicateFill,Untitled%20Database%20647e5526a0ea4497b8e3fa6ecd9506ea/ImagesFillS.svg,DuplicateFillSmall,,,,,,,"Medium 24X24, Small 20X20",Fill
Media,Untitled%20Database%20647e5526a0ea4497b8e3fa6ecd9506ea/ImageM.svg,Image,Untitled%20Database%20647e5526a0ea4497b8e3fa6ecd9506ea/ImageS.svg,ImageSmall,Untitled%20Database%20647e5526a0ea4497b8e3fa6ecd9506ea/ImageL.svg,ImageLarge,,,,,"Large 30X30, Medium 24X24, Small 20X20",Outline
Media,Untitled%20Database%20647e5526a0ea4497b8e3fa6ecd9506ea/PlayFillM.svg,Play,Untitled%20Database%20647e5526a0ea4497b8e3fa6ecd9506ea/PlayFill_Small_20X20.svg,PlaySmall,Untitled%20Database%20647e5526a0ea4497b8e3fa6ecd9506ea/PlayFill_Large__30X30.svg,PlayFillLarge,,,,,Medium 24X24,Fill
Media,Untitled%20Database%20647e5526a0ea4497b8e3fa6ecd9506ea/PlayButtonM.svg,PlayButton,Untitled%20Database%20647e5526a0ea4497b8e3fa6ecd9506ea/PlayButtonS.svg,PlayButtonSmall,Untitled%20Database%20647e5526a0ea4497b8e3fa6ecd9506ea/PlayButtonL.svg,PlayButtonLarge,,,,,"Large 30X30, Medium 24X24, Small 20X20",Outline
Media,Untitled%20Database%20647e5526a0ea4497b8e3fa6ecd9506ea/VideoM.svg,Video,Untitled%20Database%20647e5526a0ea4497b8e3fa6ecd9506ea/VideoS.svg,VideoSmall,Untitled%20Database%20647e5526a0ea4497b8e3fa6ecd9506ea/VideoL.svg,VideoLarge,,,,,"Large 30X30, Medium 24X24, Small 20X20",Outline
Media,Untitled%20Database%20647e5526a0ea4497b8e3fa6ecd9506ea/VideoFillM.svg,VideoFill,Untitled%20Database%20647e5526a0ea4497b8e3fa6ecd9506ea/VideoFillS.svg,VideoFillSmall,,,Untitled%20Database%20647e5526a0ea4497b8e3fa6ecd9506ea/VideoFill_XSmall_16X16.svg,VideoFillSmall,,,Medium 24X24,Fill
Notifications,,ErrorFill,Untitled%20Database%20647e5526a0ea4497b8e3fa6ecd9506ea/ErrorFillS.svg,ErrorFillSmall,,,,,,,Small 20X20,Fill
Notifications,Untitled%20Database%20647e5526a0ea4497b8e3fa6ecd9506ea/ErrorM.svg,Error,Untitled%20Database%20647e5526a0ea4497b8e3fa6ecd9506ea/ErrorS.svg,ErrorSmall,Untitled%20Database%20647e5526a0ea4497b8e3fa6ecd9506ea/ErrorL.svg,ErrorLarge,,,,,"Large 30X30, Medium 24X24, Small 20X20",Outline
Notifications,Untitled%20Database%20647e5526a0ea4497b8e3fa6ecd9506ea/Alert_Medium_24X24.svg,Alert,,,,,,,,,Medium 24X24,
Notifications,Untitled%20Database%20647e5526a0ea4497b8e3fa6ecd9506ea/Info_Medium_24X24.svg,Info,,,,,,,,,Medium 24X24,
Arrows,Untitled%20Database%20647e5526a0ea4497b8e3fa6ecd9506ea/Arrow_Down_Meduim_24X24.svg,ArrowDown,Untitled%20Database%20647e5526a0ea4497b8e3fa6ecd9506ea/Arrow_Down_Small_20X20.svg,ArrowDownSmall,Untitled%20Database%20647e5526a0ea4497b8e3fa6ecd9506ea/Arrow_Down_Large_30X30.svg,ArrowDownLarge,Untitled%20Database%20647e5526a0ea4497b8e3fa6ecd9506ea/Arrow_Down_XSmall_16X16.svg,ArrowDownXSmall,Untitled%20Database%20647e5526a0ea4497b8e3fa6ecd9506ea/Arrow_Down_XLarge__60X60.svg,ArrowDownXLarge,"Large 30X30, Medium 24X24, Small 20X20, XLarge 60X60, XSmall 16X16",Outline
Arrows,Untitled%20Database%20647e5526a0ea4497b8e3fa6ecd9506ea/Arrow_Meduim_24X24.svg,ArrowRight,Untitled%20Database%20647e5526a0ea4497b8e3fa6ecd9506ea/ArrowS.svg,ArrowRightSmall,Untitled%20Database%20647e5526a0ea4497b8e3fa6ecd9506ea/ArrowL.svg,ArrowRightLarge,Untitled%20Database%20647e5526a0ea4497b8e3fa6ecd9506ea/ArrowXS.svg,ArrowRightXSmall,Untitled%20Database%20647e5526a0ea4497b8e3fa6ecd9506ea/ArrowXL.svg,ArrowRightXLarge,"Large 30X30, Medium 24X24, Small 20X20, XLarge 60X60, XSmall 16X16",Outline
Arrows,Untitled%20Database%20647e5526a0ea4497b8e3fa6ecd9506ea/Maximize_Medium_24X24.svg,Maximize,Untitled%20Database%20647e5526a0ea4497b8e3fa6ecd9506ea/Maximize_Small_20X20.svg,MaximizeSmall,,,,,,,"Medium 24X24, Small 20X20",Outline
Arrows,Untitled%20Database%20647e5526a0ea4497b8e3fa6ecd9506ea/Minimize_Medium_24X24.svg,Minimize,Untitled%20Database%20647e5526a0ea4497b8e3fa6ecd9506ea/Minimize_Small_20X20.svg,MinimizeSmall,,,,,,,"Medium 24X24, Small 20X20",Outline
Arrows,Untitled%20Database%20647e5526a0ea4497b8e3fa6ecd9506ea/Arrow_Left_Meduim_24X24.svg,ArrowLeft,Untitled%20Database%20647e5526a0ea4497b8e3fa6ecd9506ea/Arrow_Left_Small_20X20.svg,ArrowLeftSmall,Untitled%20Database%20647e5526a0ea4497b8e3fa6ecd9506ea/Arrow_Left__Large__30X30.svg,ArrowLeftLarge,Untitled%20Database%20647e5526a0ea4497b8e3fa6ecd9506ea/Arrow_Left_XSmall_16X16.svg,ArrowLeftXSmall,Untitled%20Database%20647e5526a0ea4497b8e3fa6ecd9506ea/Arrow_Left_XLarge__60X60.svg,ArrowLeftXLarge,"Large 30X30, Medium 24X24, Small 20X20, XLarge 60X60, XSmall 16X16",
Arrows,Untitled%20Database%20647e5526a0ea4497b8e3fa6ecd9506ea/DoubleArrow_Meduim_24X24.svg,DoubleArrow,,,Untitled%20Database%20647e5526a0ea4497b8e3fa6ecd9506ea/DoubleArrow_Large__30X30.svg,DoubleArrowLarge,,,,,"Large 30X30, Medium 24X24",
Arrows,Untitled%20Database%20647e5526a0ea4497b8e3fa6ecd9506ea/Sort_Medium_24X24.svg,Sort,,,,,,,,,Medium 24X24,
Arrows,Untitled%20Database%20647e5526a0ea4497b8e3fa6ecd9506ea/SortDown_Medium_24X24.svg,SortDown,,,,,,,,,Medium 24X24,
Arrows,Untitled%20Database%20647e5526a0ea4497b8e3fa6ecd9506ea/SortUp_Medium_24X24.svg,SortUp,,,,,,,,,Medium 24X24,
Arrows,Untitled%20Database%20647e5526a0ea4497b8e3fa6ecd9506ea/Arrow_Up_Meduim_24X24.svg,ArrowUp,Untitled%20Database%20647e5526a0ea4497b8e3fa6ecd9506ea/Arrow_Up_Small_20X20.svg,ArrowUpSmall,Untitled%20Database%20647e5526a0ea4497b8e3fa6ecd9506ea/Arrow_Up_Large__30X30.svg,ArrowUpLarge,Untitled%20Database%20647e5526a0ea4497b8e3fa6ecd9506ea/Arrow_Up_XSmall_16X16.svg,ArrowUpXSmall,Untitled%20Database%20647e5526a0ea4497b8e3fa6ecd9506ea/Arrow_Up_XLarge__60X60.svg,ArrowUpXLarge,"Large 30X30, Medium 24X24, Small 20X20, XLarge 60X60, XSmall 16X16",